1;1;20278890200001;;;;;;;;;TKRO;1;;2021-07-19
2;2;20213849200001;;;;;;;;;BDP;1;;2021-07-19
3;3;20213849200006;;;;;;;;;AKL;1;;2021-07-19
4;4;20213849200007;;;;;;;;;AKL;1;;2021-07-19
5;5;20213929200001;;;;;;;;;TKJ;1;;2021-07-19
6;6;20278890200003;;;;;;;;;AKL;1;;2021-07-19
7;7;20278890200004;;;;;;;;;BDP;1;;2021-07-19
8;8;20278948200004;;;;;;;;;TKJ;1;;2021-07-19
9;9;20278948200005;;;;;;;;;RPL;1;;2021-07-19
10;10;20213849200008;;;;;;;;;TKJ;1;;2021-07-19
11;11;20213848200002;;;;;;;;;AKL;1;;2021-07-19
12;12;20278948200008;;;;;;;;;TKJ;1;;2021-07-19
13;13;20247177200001;;;;;;;;;TKRO;1;;2021-07-19
14;14;20278893200002;;;;;;;;;AKL;1;;2021-07-19
15;15;20213860200005;;;;;;;;;BDP;1;;2021-07-19
16;16;20213849200014;;;;;;;;;TBSM;1;;2021-07-19
17;17;20213929200026;;;;;;;;;AKL;1;;2021-07-19
18;18;20278948200015;;;;;;;;;BDP;1;;2021-07-19
19;19;20213929200030;;;;;;;;;TKJ;1;;2021-07-19
20;20;20213849200017;;;;;;;;;TBSM;1;;2021-07-19
21;21;20213925200001;;;;;;;;;RPL;1;;2021-07-19
22;22;20213925200002;;;;;;;;;RPL;1;;2021-07-19
23;23;20213849200021;;;;;;;;;TKRO;1;;2021-07-19
24;24;20213925200003;;;;;;;;;RPL;1;;2021-07-19
25;25;20213925200004;;;;;;;;;RPL;1;;2021-07-19
26;26;20213925200005;;;;;;;;;TKRO;1;;2021-07-19
27;27;20213925200006;;;;;;;;;AKL;1;;2021-07-19
28;28;20278948200016;;;;;;;;;TKRO;1;;2021-07-19
29;29;20278948200017;;;;;;;;;TKRO;1;;2021-07-19
30;30;20278948200018;;;;;;;;;TKRO;1;;2021-07-19
31;31;20213929200036;;;;;;;;;TKJ;1;;2021-07-19
32;32;20278893200003;;;;;;;;;AKL;1;;2021-07-19
33;33;20213929200037;;;;;;;;;TKJ;1;;2021-07-19
34;34;20213929200038;;;;;;;;;TKJ;1;;2021-07-19
35;35;20213929200039;;;;;;;;;TBSM;1;;2021-07-19
36;36;20213929200045;;;;;;;;;BDP;1;;2021-07-19
37;37;20213929200050;;;;;;;;;AKL;1;;2021-07-19
38;38;20213929200051;;;;;;;;;TKJ;1;;2021-07-19
39;39;20263953200001;;;;;;;;;TBSM;1;;2021-07-19
40;40;20263953200007;;;;;;;;;TBSM;1;;2021-07-19
41;41;20213925200018;;;;;;;;;TKRO;1;;2021-07-19
42;42;20213929200053;;;;;;;;;TKJ;1;;2021-07-19
43;43;20213929200054;;;;;;;;;TKRO;1;;2021-07-19
44;44;20278948200021;;;;;;;;;TKJ;1;;2021-07-19
45;45;20278948200023;;;;;;;;;AKL;1;;2021-07-19
46;46;20278948200024;;;;;;;;;TKJ;1;;2021-07-19
47;47;20213929200056;;;;;;;;;TBSM;1;;2021-07-19
48;48;20213929200058;;;;;;;;;TBSM;1;;2021-07-19
49;49;20213848200039;;;;;;;;;AKL;1;;2021-07-19
50;50;20278948200028;;;;;;;;;TKRO;1;;2021-07-19
51;51;20213925200024;;;;;;;;;AKL;1;;2021-07-19
52;52;20213849200024;;;;;;;;;TKRO;1;;2021-07-19
53;53;20213925200025;;;;;;;;;AKL;1;;2021-07-19
54;54;20213925200026;;;;;;;;;TKRO;1;;2021-07-19
55;55;20213925200027;;;;;;;;;RPL;1;;2021-07-19
56;56;20278948200029;;;;;;;;;TKRO;1;;2021-07-19
57;57;20278948200030;;;;;;;;;TKRO;1;;2021-07-19
58;58;20213925200032;;;;;;;;;TBSM;1;;2021-07-19
59;59;20213925200033;;;;;;;;;BDP;1;;2021-07-19
60;60;20213925200034;;;;;;;;;TKRO;1;;2021-07-19
61;61;20213925200035;;;;;;;;;TBSM;1;;2021-07-19
62;62;20213925200036;;;;;;;;;TKRO;1;;2021-07-19
63;63;20213920200001;;;;;;;;;RPL;1;;2021-07-19
64;64;20278893200017;;;;;;;;;TKRO;1;;2021-07-19
65;65;20278948200031;;;;;;;;;TBSM;1;;2021-07-19
66;66;20213925200037;;;;;;;;;AKL;1;;2021-07-19
67;67;20213925200040;;;;;;;;;AKL;1;;2021-07-19
68;68;20213927200001;;;;;;;;;TKRO;1;;2021-07-19
69;69;20213925200041;;;;;;;;;AKL;1;;2021-07-19
70;70;20213925200042;;;;;;;;;AKL;1;;2021-07-19
71;71;20213925200043;;;;;;;;;RPL;1;;2021-07-19
72;72;20213925200046;;;;;;;;;RPL;1;;2021-07-19
73;73;20213929200067;;;;;;;;;BDP;1;;2021-07-19
74;74;20213927200002;;;;;;;;;TBSM;1;;2021-07-19
75;75;20278889200009;;;;;;;;;BDP;1;;2021-07-19
76;76;20213929200068;;;;;;;;;TBSM;1;;2021-07-19
77;77;20213929200069;;;;;;;;;TBSM;1;;2021-07-19
78;78;20278948200034;;;;;;;;;RPL;1;;2021-07-19
79;79;20247177200003;;;;;;;;;AKL;1;;2021-07-19
80;80;20213907200001;;;;;;;;;RPL;1;;2021-07-19
81;81;20213907200002;;;;;;;;;RPL;1;;2021-07-19
82;82;20213929200070;;;;;;;;;BDP;1;;2021-07-19
83;83;20213929200071;;;;;;;;;TBSM;1;;2021-07-19
84;84;20278889200033;;;;;;;;;BDP;1;;2021-07-19
85;85;20278889800006;;;;;;;;;AKL;1;;2021-07-19
86;86;20278889200038;;;;;;;;;TKJ;1;;2021-07-19
87;87;20278889200039;;;;;;;;;AKL;1;;2021-07-19
88;88;20278889200040;;;;;;;;;BDP;1;;2021-07-19
89;89;20278889200043;;;;;;;;;RPL;1;;2021-07-19
90;90;20213920200002;;;;;;;;;TBSM;1;;2021-07-19
91;91;20213925200048;;;;;;;;;AKL;1;;2021-07-19
92;92;20278948200001;;;;;;;;;AKL;1;;2021-07-19
93;93;20213925200039;;;;;;;;;AKL;1;;2021-07-19
94;94;20278948200006;;;;;;;;;TKJ;1;;2021-07-19
95;95;20213849200004;;;;;;;;;BDP;1;;2021-07-19
96;96;20278948200019;;;;;;;;;TKRO;1;;2021-07-19
97;97;20213860200004;;;;;;;;;TBSM;1;;2021-07-19
98;98;20213925200017;;;;;;;;;AKL;1;;2021-07-19
99;99;20213849200009;;;;;;;;;TKJ;1;;2021-07-19
100;100;20213849200025;;;;;;;;;TBSM;1;;2021-07-19
101;101;20213929200021;;;;;;;;;TKRO;1;;2021-07-19
102;102;20213925200049;;;;;;;;;BDP;1;;2021-07-19
103;103;20213860200006;;;;;;;;;BDP;1;;2021-07-19
104;104;20278889200025;;;;;;;;;AKL;1;;2021-07-19
105;105;20213925200028;;;;;;;;;BDP;1;;2021-07-19
106;106;20213929200059;;;;;;;;;BDP;1;;2021-07-19
107;107;20278889200026;;;;;;;;;TKJ;1;;2021-07-19
108;108;20278948200009;;;;;;;;;RPL;1;;2021-07-19
109;109;20278889200036;;;;;;;;;BDP;1;;2021-07-19
110;110;20278948200026;;;;;;;;;TKRO;1;;2021-07-19
111;111;20213908200004;;;;;;;;;TKRO;1;;2021-07-19
112;112;20213860300001;;;;;;;;;TKRO;1;;2021-07-19
113;113;20213908300001;;;;;;;;;TBSM;1;;2021-07-19
114;114;20278929800002;;;;;;;;;TKJ;1;;2021-07-19
115;115;20278893300001;;;;;;;;;AKL;1;;2021-07-19
116;116;20247177200002;;;;;;;;;TKRO;1;;2021-07-19
117;117;20278889300006;;;;;;;;;TBSM;1;;2021-07-19
118;118;20278889300007;;;;;;;;;TBSM;1;;2021-07-19
119;119;20278921300001;;;;;;;;;TKJ;1;;2021-07-19
120;120;20278889300008;;;;;;;;;AKL;1;;2021-07-19
121;121;20278889300009;;;;;;;;;TKJ;1;;2021-07-19
122;122;20263202300002;;;;;;;;;TKRO;1;;2021-07-19
123;123;20278889300011;;;;;;;;;TKJ;1;;2021-07-19
124;124;20278893300002;;;;;;;;;AKL;1;;2021-07-19
125;125;20278889300005;;;;;;;;;TKRO;1;;2021-07-19
126;126;20278948300002;;;;;;;;;AKL;1;;2021-07-19
127;127;20213908300002;;;;;;;;;TBSM;1;;2021-07-19
128;128;20213925300001;;;;;;;;;TKRO;1;;2021-07-19
129;129;20247177300001;;;;;;;;;TKJ;1;;2021-07-19
130;130;20278889300010;;;;;;;;;RPL;1;;2021-07-19
131;131;20213859400001;;;;;;;;;AKL;1;;2021-07-19
132;132;20278890400001;;;;;;;;;TKRO;1;;2021-07-19
133;133;20278948400005;;;;;;;;;TBSM;1;;2021-07-19
134;134;20278890400002;;;;;;;;;TKRO;1;;2021-07-19
135;135;20278893400001;;;;;;;;;TKJ;1;;2021-07-19
136;136;20213929400007;;;;;;;;;TKJ;1;;2021-07-19
137;137;20278889400004;;;;;;;;;AKL;1;;2021-07-19
138;138;69822488700001;;;;;;;;;AKL;1;;2021-07-19
139;139;20278889500005;;;;;;;;;AKL;1;;2021-07-19
140;140;20278948500004;;;;;;;;;BDP;1;;2021-07-19
141;141;20278889500006;;;;;;;;;AKL;1;;2021-07-19
142;142;20278948500012;;;;;;;;;RPL;1;;2021-07-19
143;143;20278889500004;;;;;;;;;AKL;1;;2021-07-19
144;144;20278948500003;;;;;;;;;TKJ;1;;2021-07-19
145;145;90000001500051;;;;;;;;;AKL;1;;2021-07-19
146;146;20278889500003;;;;;;;;;AKL;1;;2021-07-19
147;147;20213864700006;;;;;;;;;AKL;1;;2021-07-19
148;148;20213864700008;;;;;;;;;AKL;1;;2021-07-19
149;149;20278890700001;;;;;;;;;AKL;1;;2021-07-19
150;150;20278890700002;;;;;;;;;TKJ;1;;2021-07-19
151;151;20213848700001;;;;;;;;;AKL;1;;2021-07-19
152;152;20213929700003;;;;;;;;;AKL;1;;2021-07-19
153;153;20213925700001;;;;;;;;;TKJ;1;;2021-07-19
154;154;20213929700004;;;;;;;;;AKL;1;;2021-07-19
155;155;20213859700001;;;;;;;;;AKL;1;;2021-07-19
156;156;20213859700002;;;;;;;;;AKL;1;;2021-07-19
157;157;20213927700001;;;;;;;;;TKJ;1;;2021-07-19
158;158;20213859700004;;;;;;;;;AKL;1;;2021-07-19
159;159;20213859700005;;;;;;;;;AKL;1;;2021-07-19
160;160;20213859700006;;;;;;;;;AKL;1;;2021-07-19
161;161;20263180700001;;;;;;;;;AKL;1;;2021-07-19
162;162;20213859700008;;;;;;;;;AKL;1;;2021-07-19
163;163;20213859700010;;;;;;;;;AKL;1;;2021-07-19
164;164;69981540700001;;;;;;;;;TKJ;1;;2021-07-19
165;165;20213859700015;;;;;;;;;TKJ;1;;2021-07-19
166;166;20213929700006;;;;;;;;;AKL;1;;2021-07-19
167;167;20213929700007;;;;;;;;;AKL;1;;2021-07-19
168;168;20278882700003;;;;;;;;;AKL;1;;2021-07-19
169;169;20213848700002;;;;;;;;;TKJ;1;;2021-07-19
170;170;20278948700003;;;;;;;;;TKJ;1;;2021-07-19
171;171;20278948700004;;;;;;;;;AKL;1;;2021-07-19
172;172;20278948700005;;;;;;;;;AKL;1;;2021-07-19
173;173;20278948700008;;;;;;;;;AKL;1;;2021-07-19
174;174;20213848700003;;;;;;;;;AKL;1;;2021-07-19
175;175;20213859700016;;;;;;;;;TKJ;1;;2021-07-19
176;176;20213920700001;;;;;;;;;TKRO;1;;2021-07-19
177;177;20213859700017;;;;;;;;;TKJ;1;;2021-07-19
178;178;20213920700002;;;;;;;;;TKJ;1;;2021-07-19
179;179;20213860700001;;;;;;;;;AKL;1;;2021-07-19
180;180;20213920700003;;;;;;;;;TKRO;1;;2021-07-19
181;181;20213920700004;;;;;;;;;TKRO;1;;2021-07-19
182;182;20278891200003;;;;;;;;;TKJ;1;;2021-07-19
183;183;20213859700020;;;;;;;;;TKRO;1;;2021-07-19
184;184;69886398700002;;;;;;;;;TBSM;1;;2021-07-19
185;185;20213925200044;;;;;;;;;TKRO;1;;2021-07-19
186;186;20213925200047;;;;;;;;;TKRO;1;;2021-07-19
187;187;69886398700005;;;;;;;;;TBSM;1;;2021-07-19
188;188;20213908700001;;;;;;;;;BDP;1;;2021-07-19
189;189;20278889700006;;;;;;;;;AKL;1;;2021-07-19
190;190;20278936700006;;;;;;;;;BDP;1;;2021-07-19
191;191;20213859700022;;;;;;;;;AKL;1;;2021-07-19
192;192;20213920700006;;;;;;;;;TBSM;1;;2021-07-19
193;193;20213859700023;;;;;;;;;TKJ;1;;2021-07-19
194;194;20278948700010;;;;;;;;;AKL;1;;2021-07-19
195;195;20213925800005;;;;;;;;;TKJ;1;;2021-07-19
196;196;20213925800007;;;;;;;;;TKJ;1;;2021-07-19
197;197;20278889700008;;;;;;;;;AKL;1;;2021-07-19
198;198;20213925800008;;;;;;;;;TKJ;1;;2021-07-19
199;199;20213925800009;;;;;;;;;AKL;1;;2021-07-19
200;200;20213925800010;;;;;;;;;TBSM;1;;2021-07-19
201;201;20213925800011;;;;;;;;;TKJ;1;;2021-07-19
202;202;20213925800012;;;;;;;;;TBSM;1;;2021-07-19
203;203;20213925800013;;;;;;;;;TBSM;1;;2021-07-19
204;204;20213925800014;;;;;;;;;TBSM;1;;2021-07-19
205;205;20213925800015;;;;;;;;;TBSM;1;;2021-07-19
206;206;20213925800018;;;;;;;;;TBSM;1;;2021-07-19
207;207;20213925800019;;;;;;;;;TBSM;1;;2021-07-19
208;208;20213925700003;;;;;;;;;TKJ;1;;2021-07-19
209;209;20213925700005;;;;;;;;;AKL;1;;2021-07-19
210;210;20213925700006;;;;;;;;;AKL;1;;2021-07-19
211;211;20213925700007;;;;;;;;;TKJ;1;;2021-07-19
212;212;20213925800020;;;;;;;;;TKJ;1;;2021-07-19
213;213;20213925700009;;;;;;;;;AKL;1;;2021-07-19
214;214;20213925800022;;;;;;;;;TKJ;1;;2021-07-19
215;215;20213925800023;;;;;;;;;TKRO;1;;2021-07-19
216;216;20213925800024;;;;;;;;;AKL;1;;2021-07-19
217;217;20213925800025;;;;;;;;;TKJ;1;;2021-07-19
218;218;20213925800026;;;;;;;;;TKJ;1;;2021-07-19
219;219;20213925800027;;;;;;;;;TKRO;1;;2021-07-19
220;220;20213925800028;;;;;;;;;TKRO;1;;2021-07-19
221;221;20213942700005;;;;;;;;;RPL;1;;2021-07-19
222;222;20213859700026;;;;;;;;;TKRO;1;;2021-07-19
223;223;20213859700027;;;;;;;;;TKRO;1;;2021-07-19
224;224;20213925700011;;;;;;;;;TKJ;1;;2021-07-19
225;225;20213907700001;;;;;;;;;TKJ;1;;2021-07-19
226;226;20278923700014;;;;;;;;;BDP;1;;2021-07-19
227;227;20278889700011;;;;;;;;;AKL;1;;2021-07-19
228;228;20278889700012;;;;;;;;;RPL;1;;2021-07-19
229;229;20213920700009;;;;;;;;;TKJ;1;;2021-07-19
230;230;20278889700014;;;;;;;;;AKL;1;;2021-07-19
231;231;20213907700002;;;;;;;;;AKL;1;;2021-07-19
232;232;20278889700016;;;;;;;;;AKL;1;;2021-07-19
233;233;20278889700017;;;;;;;;;BDP;1;;2021-07-19
234;234;20278889700018;;;;;;;;;AKL;1;;2021-07-19
235;235;20213925700012;;;;;;;;;TBSM;1;;2021-07-19
236;236;20213925700013;;;;;;;;;TKRO;1;;2021-07-19
237;237;20213925700016;;;;;;;;;TKJ;1;;2021-07-19
238;238;20213925700017;;;;;;;;;TKJ;1;;2021-07-19
239;239;20213925700019;;;;;;;;;RPL;1;;2021-07-19
240;240;20213929700005;;;;;;;;;AKL;1;;2021-07-19
241;241;20213925800004;;;;;;;;;TBSM;1;;2021-07-19
242;242;20213925700002;;;;;;;;;AKL;1;;2021-07-19
243;243;20213859700025;;;;;;;;;TKRO;1;;2021-07-19
244;244;20213929700002;;;;;;;;;AKL;1;;2021-07-19
245;245;20278948700002;;;;;;;;;AKL;1;;2021-07-19
246;246;20278889700010;;;;;;;;;AKL;1;;2021-07-19
247;247;20278889700015;;;;;;;;;TKJ;1;;2021-07-19
248;248;20213859700011;;;;;;;;;AKL;1;;2021-07-19
249;249;20213920700005;;;;;;;;;TBSM;1;;2021-07-19
250;250;20213859700019;;;;;;;;;AKL;1;;2021-07-19
251;251;20213925800021;;;;;;;;;TBSM;1;;2021-07-19
252;252;20213920700007;;;;;;;;;TBSM;1;;2021-07-19
253;253;20213925700018;;;;;;;;;TKJ;1;;2021-07-19
254;254;20213859700007;;;;;;;;;AKL;1;;2021-07-19
255;255;20213859700018;;;;;;;;;RPL;1;;2021-07-19
256;256;20213925700008;;;;;;;;;TKJ;1;;2021-07-19
257;257;20213925700010;;;;;;;;;TKRO;1;;2021-07-19
258;258;20213925200050;;;;;;;;;TKRO;1;;2021-07-19
259;259;20213925700015;;;;;;;;;RPL;1;;2021-07-19
260;260;20278948700007;;;;;;;;;AKL;1;;2021-07-19
261;261;20278948700006;;;;;;;;;AKL;1;;2021-07-19
262;262;20213859700021;;;;;;;;;TKJ;1;;2021-07-19
263;263;20278889700013;;;;;;;;;AKL;1;;2021-07-19
264;264;20213859700024;;;;;;;;;AKL;1;;2021-07-19
265;265;20213927700002;;;;;;;;;TBSM;1;;2021-07-19
266;266;20213849700001;;;;;;;;;AKL;1;;2021-07-19
267;267;20213925700004;;;;;;;;;AKL;1;;2021-07-19
268;268;20213859700003;;;;;;;;;AKL;1;;2021-07-19
269;269;20278948700009;;;;;;;;;TKJ;1;;2021-07-19
270;270;20213848700004;;;;;;;;;RPL;1;;2021-07-19
271;271;20278889700005;;;;;;;;;AKL;1;;2021-07-19
272;272;20213925800017;;;;;;;;;BDP;1;;2021-07-19
273;273;20213860700002;;;;;;;;;TBSM;1;;2021-07-19
274;274;20213925700014;;;;;;;;;TBSM;1;;2021-07-19
275;275;20278889700009;;;;;;;;;AKL;1;;2021-07-19
276;276;20213929700001;;;;;;;;;AKL;1;;2021-07-19
277;277;20213859700028;;;;;;;;;RPL;1;;2021-07-19
278;278;20278948800003;;;;;;;;;AKL;1;;2021-07-19
279;279;20213849800002;;;;;;;;;AKL;1;;2021-07-19
280;280;20278881800002;;;;;;;;;TBSM;1;;2021-07-19
281;281;20213929800005;;;;;;;;;TKJ;1;;2021-07-19
282;282;20213929800006;;;;;;;;;TKRO;1;;2021-07-19
283;283;20278948600021;;;;;;;;;AKL;1;;2021-07-19
284;284;20213929800007;;;;;;;;;AKL;1;;2021-07-19
285;285;20213929800008;;;;;;;;;TKRO;1;;2021-07-19
286;286;20213929800011;;;;;;;;;TKRO;1;;2021-07-19
287;287;20213929800012;;;;;;;;;TKRO;1;;2021-07-19
288;288;20213929800013;;;;;;;;;BDP;1;;2021-07-19
289;289;20278948800005;;;;;;;;;TKRO;1;;2021-07-19
290;290;20213929800015;;;;;;;;;TBSM;1;;2021-07-19
291;291;20213929800016;;;;;;;;;AKL;1;;2021-07-19
292;292;20213929800017;;;;;;;;;AKL;1;;2021-07-19
293;293;20213929800020;;;;;;;;;TKJ;1;;2021-07-19
294;294;20213929800021;;;;;;;;;AKL;1;;2021-07-19
295;295;20213929800022;;;;;;;;;TBSM;1;;2021-07-19
296;296;69976295800001;;;;;;;;;RPL;1;;2021-07-19
297;297;20213929800025;;;;;;;;;BDP;1;;2021-07-19
298;298;20213929800027;;;;;;;;;TBSM;1;;2021-07-19
299;299;20278948800011;;;;;;;;;TKJ;1;;2021-07-19
300;300;20213929800029;;;;;;;;;AKL;1;;2021-07-19
301;301;20278948800013;;;;;;;;;TKJ;1;;2021-07-19
302;302;20213849800011;;;;;;;;;AKL;1;;2021-07-19
303;303;20278948800015;;;;;;;;;TKJ;1;;2021-07-19
304;304;20278948800017;;;;;;;;;TBSM;1;;2021-07-19
305;305;20278948800018;;;;;;;;;TKJ;1;;2021-07-19
306;306;20213929800030;;;;;;;;;TKRO;1;;2021-07-19
307;307;20278948800019;;;;;;;;;TKJ;1;;2021-07-19
308;308;20213908800002;;;;;;;;;BDP;1;;2021-07-19
309;309;20278948800021;;;;;;;;;RPL;1;;2021-07-19
310;310;20278948800022;;;;;;;;;TKRO;1;;2021-07-19
311;311;20278948800023;;;;;;;;;RPL;1;;2021-07-19
312;312;20213849800015;;;;;;;;;TBSM;1;;2021-07-19
313;313;20278948800026;;;;;;;;;BDP;1;;2021-07-19
314;314;20278948800027;;;;;;;;;TKRO;1;;2021-07-19
315;315;20278948800034;;;;;;;;;TBSM;1;;2021-07-19
316;316;20278881800004;;;;;;;;;BDP;1;;2021-07-19
317;317;20278881800006;;;;;;;;;BDP;1;;2021-07-19
318;318;20213908800004;;;;;;;;;TKRO;1;;2021-07-19
319;319;20213908800006;;;;;;;;;TKRO;1;;2021-07-19
320;320;20213929800032;;;;;;;;;TKJ;1;;2021-07-19
321;321;20213929800033;;;;;;;;;TKJ;1;;2021-07-19
322;322;20213908800009;;;;;;;;;TKRO;1;;2021-07-19
323;323;20278948800043;;;;;;;;;AKL;1;;2021-07-19
324;324;20278948800044;;;;;;;;;AKL;1;;2021-07-19
325;325;20213929800034;;;;;;;;;TBSM;1;;2021-07-19
326;326;90000001800579;;;;;;;;;RPL;1;;2021-07-19
327;327;20213849800001;;;;;;;;;BDP;1;;2021-07-19
328;328;20278948800007;;;;;;;;;RPL;1;;2021-07-19
329;329;20278948800012;;;;;;;;;TKJ;1;;2021-07-19
330;330;20278881800005;;;;;;;;;BDP;1;;2021-07-19
331;331;20278948800031;;;;;;;;;TBSM;1;;2021-07-19
332;332;20213929800002;;;;;;;;;AKL;1;;2021-07-19
333;333;20278948800030;;;;;;;;;TBSM;1;;2021-07-19
334;334;20213929800004;;;;;;;;;AKL;1;;2021-07-19
335;335;20278948800038;;;;;;;;;TBSM;1;;2021-07-19
336;336;20213849800014;;;;;;;;;TKRO;1;;2021-07-19
337;337;20278948800036;;;;;;;;;TKJ;1;;2021-07-19
338;338;20278948800001;;;;;;;;;AKL;1;;2021-07-19
339;339;20278948800004;;;;;;;;;BDP;1;;2021-07-19
340;340;20278881800003;;;;;;;;;BDP;1;;2021-07-19
341;341;20278948800024;;;;;;;;;RPL;1;;2021-07-19
342;342;20213929800003;;;;;;;;;BDP;1;;2021-07-19
343;343;202788901000013;;;;;;;;;RPL;1;;2021-07-19
344;344;202115861000007;;;;;;;;;AKL;1;;2021-07-19
345;345;202788901000009;;;;;;;;;TKJ;1;;2021-07-19
346;346;202115861000005;;;;;;;;;AKL;1;;2021-07-19
347;347;202788901000022;;;;;;;;;TKJ;1;;2021-07-19
348;348;202789481000006;;;;;;;;;AKL;1;;2021-07-19
349;349;202788901000014;;;;;;;;;AKL;1;;2021-07-19
350;350;202788901000016;;;;;;;;;AKL;1;;2021-07-19
351;351;202138601000002;;;;;;;;;RPL;1;;2021-07-19
352;352;202788901000012;;;;;;;;;RPL;1;;2021-07-19
353;353;202138601000003;;;;;;;;;RPL;1;;2021-07-19
354;354;202788901000033;;;;;;;;;RPL;1;;2021-07-19
355;355;202138481000020;;;;;;;;;RPL;1;;2021-07-19
356;356;202788811000001;;;;;;;;;TKJ;1;;2021-07-19
357;357;202138481000021;;;;;;;;;AKL;1;;2021-07-19
358;358;202471771000001;;;;;;;;;TKRO;1;;2021-07-19
359;359;202788901000008;;;;;;;;;TKJ;1;;2021-07-19
360;360;202788931000001;;;;;;;;;AKL;1;;2021-07-19
361;361;202138601000004;;;;;;;;;TBSM;1;;2021-07-19
362;362;202139081000002;;;;;;;;;TKJ;1;;2021-07-19
363;363;202788901000027;;;;;;;;;TBSM;1;;2021-07-19
364;364;202788901000025;;;;;;;;;TKRO;1;;2021-07-19
365;365;202788901000028;;;;;;;;;TKJ;1;;2021-07-19
366;366;202139291000011;;;;;;;;;TKRO;1;;2021-07-19
367;367;202788901000029;;;;;;;;;TKJ;1;;2021-07-19
368;368;202138491000009;;;;;;;;;TBSM;1;;2021-07-19
369;369;202138591000001;;;;;;;;;BDP;1;;2021-07-19
370;370;202138591000005;;;;;;;;;TKJ;1;;2021-07-19
371;371;202139291000002;;;;;;;;;TKJ;1;;2021-07-19
372;372;202139251000004;;;;;;;;;AKL;1;;2021-07-19
373;373;202788901000004;;;;;;;;;RPL;1;;2021-07-19
374;374;202139291000007;;;;;;;;;TKJ;1;;2021-07-19
375;375;202139291000006;;;;;;;;;TKJ;1;;2021-07-19
376;376;202139291000014;;;;;;;;;TBSM;1;;2021-07-19
377;377;202789481000019;;;;;;;;;TKRO;1;;2021-07-19
378;378;202139291000005;;;;;;;;;AKL;1;;2021-07-19
379;379;202139291000016;;;;;;;;;TBSM;1;;2021-07-19
380;380;202639531000001;;;;;;;;;TBSM;1;;2021-07-19
381;381;202139251000008;;;;;;;;;TBSM;1;;2021-07-19
382;382;202788901000005;;;;;;;;;TKJ;1;;2021-07-19
383;383;202139291000003;;;;;;;;;TBSM;1;;2021-07-19
384;384;202139291000004;;;;;;;;;TKRO;1;;2021-07-19
385;385;202789481000004;;;;;;;;;RPL;1;;2021-07-19
386;386;202789481000010;;;;;;;;;TKJ;1;;2021-07-19
387;387;202788901000021;;;;;;;;;TKJ;1;;2021-07-19
388;388;202789481000020;;;;;;;;;TKRO;1;;2021-07-19
389;389;202138491000010;;;;;;;;;BDP;1;;2021-07-19
390;390;202789481000005;;;;;;;;;RPL;1;;2021-07-19
391;391;202139291000012;;;;;;;;;TKRO;1;;2021-07-19
392;392;202789481000001;;;;;;;;;TKJ;1;;2021-07-19
393;393;202789481000008;;;;;;;;;RPL;1;;2021-07-19
394;394;202631801000005;;;;;;;;;TKRO;1;;2021-07-19
395;395;202788911000004;;;;;;;;;RPL;1;;2021-07-19
396;396;202138491000006;;;;;;;;;BDP;1;;2021-07-19
397;397;202788901000002;;;;;;;;;TKRO;1;;2021-07-19
398;398;202788911000002;;;;;;;;;RPL;1;;2021-07-19
399;399;202789481000012;;;;;;;;;TKJ;1;;2021-07-19
400;400;202789481000017;;;;;;;;;TKRO;1;;2021-07-19
401;401;202789481000022;;;;;;;;;TKRO;1;;2021-07-19
402;402;202788931000007;;;;;;;;;TKRO;1;;2021-07-19
403;403;202788931000009;;;;;;;;;TKRO;1;;2021-07-19
404;404;202139081000001;;;;;;;;;BDP;1;;2021-07-19
405;405;202789481000021;;;;;;;;;TBSM;1;;2021-07-19
406;406;202789481000023;;;;;;;;;TKRO;1;;2021-07-19
407;407;202139081000003;;;;;;;;;TKRO;1;;2021-07-19
408;408;202789501000001;;;;;;;;;TKJ;1;;2021-07-19
409;409;202788831000005;;;;;;;;;RPL;1;;2021-07-19
410;410;202138591000002;;;;;;;;;TKJ;1;;2021-07-19
411;411;202138591000003;;;;;;;;;TKJ;1;;2021-07-19
412;412;202139251000003;;;;;;;;;TKJ;1;;2021-07-19
413;413;202788931000003;;;;;;;;;TKRO;1;;2021-07-19
414;414;202789481000009;;;;;;;;;TKJ;1;;2021-07-19
415;415;202139291000015;;;;;;;;;AKL;1;;2021-07-19
416;416;202471771000002;;;;;;;;;TKJ;1;;2021-07-19
417;417;202788891000060;;;;;;;;;TKJ;1;;2021-07-19
418;418;202789481000025;;;;;;;;;RPL;1;;2021-07-19
419;419;202115861000008;;;;;;;;;TBSM;1;;2021-07-19
420;420;202115861000006;;;;;;;;;RPL;1;;2021-07-19
421;421;202138591000009;;;;;;;;;TKRO;1;;2021-07-19
422;422;202139071000002;;;;;;;;;TKJ;1;;2021-07-19
423;423;202788891000010;;;;;;;;;BDP;1;;2021-07-19
424;424;202138591000010;;;;;;;;;TKRO;1;;2021-07-19
425;425;202788891000062;;;;;;;;;TKRO;1;;2021-07-19
426;426;202788891000017;;;;;;;;;TKJ;1;;2021-07-19
427;427;202788891000020;;;;;;;;;TKJ;1;;2021-07-19
428;428;202788891000032;;;;;;;;;AKL;1;;2021-07-19
429;429;202788891000045;;;;;;;;;TKRO;1;;2021-07-19
430;430;202788891000029;;;;;;;;;AKL;1;;2021-07-19
431;431;202788891000028;;;;;;;;;RPL;1;;2021-07-19
432;432;202788891000039;;;;;;;;;TKJ;1;;2021-07-19
433;433;202788891000018;;;;;;;;;RPL;1;;2021-07-19
434;434;202788891000031;;;;;;;;;RPL;1;;2021-07-19
435;435;202788891000027;;;;;;;;;AKL;1;;2021-07-19
436;436;202788891000015;;;;;;;;;RPL;1;;2021-07-19
437;437;202789481000026;;;;;;;;;BDP;1;;2021-07-19
438;438;202788891000041;;;;;;;;;RPL;1;;2021-07-19
439;439;202788891000035;;;;;;;;;AKL;1;;2021-07-19
440;440;202788891000013;;;;;;;;;BDP;1;;2021-07-19
441;441;202139071000005;;;;;;;;;TKJ;1;;2021-07-19
442;442;202138511000003;;;;;;;;;RPL;1;;2021-07-19
443;443;202788901000001;;;;;;;;;TKRO;1;;2021-07-19
444;444;202788901000007;;;;;;;;;TKRO;1;;2021-07-19
445;445;202788891000061;;;;;;;;;TKJ;1;;2021-07-19
446;446;202788901000015;;;;;;;;;TKRO;1;;2021-07-19
447;447;202788891000052;;;;;;;;;TKRO;1;;2021-07-19
448;448;202788891000024;;;;;;;;;RPL;1;;2021-07-19
449;449;202139071000007;;;;;;;;;RPL;1;;2021-07-19
450;450;202788891000025;;;;;;;;;RPL;1;;2021-07-19
451;451;202139071000004;;;;;;;;;RPL;1;;2021-07-19
452;452;202788891000058;;;;;;;;;TBSM;1;;2021-07-19
453;453;202788891000057;;;;;;;;;TBSM;1;;2021-07-19
454;454;202788891000055;;;;;;;;;TBSM;1;;2021-07-19
455;455;202788891000054;;;;;;;;;TKRO;1;;2021-07-19
456;456;202788891000036;;;;;;;;;AKL;1;;2021-07-19
457;457;202788891000051;;;;;;;;;TKRO;1;;2021-07-19
458;458;202788891000037;;;;;;;;;AKL;1;;2021-07-19
459;459;202788891000056;;;;;;;;;TBSM;1;;2021-07-19
460;460;202788901000026;;;;;;;;;TKRO;1;;2021-07-19
461;461;202139201000003;;;;;;;;;TBSM;1;;2021-07-19
462;462;202138521000007;;;;;;;;;TKRO;1;;2021-07-19
463;463;202138521000014;;;;;;;;;TBSM;1;;2021-07-19
464;464;202788891000040;;;;;;;;;TKJ;1;;2021-07-19
465;465;202139251000005;;;;;;;;;TKJ;1;;2021-07-19
466;466;202788931000008;;;;;;;;;TKRO;1;;2021-07-19
467;467;202788901000006;;;;;;;;;RPL;1;;2021-07-19
468;468;202788891000026;;;;;;;;;TKJ;1;;2021-07-19
469;469;202788901000024;;;;;;;;;TKRO;1;;2021-07-19
470;470;202138591000008;;;;;;;;;TKRO;1;;2021-07-19
471;471;202789481000016;;;;;;;;;TKRO;1;;2021-07-19
472;472;202139251000006;;;;;;;;;TKJ;1;;2021-07-19
473;473;202789501000002;;;;;;;;;RPL;1;;2021-07-19
474;474;202788901000031;;;;;;;;;BDP;1;;2021-07-19
475;475;202789481000007;;;;;;;;;RPL;1;;2021-07-19
476;476;202139251000009;;;;;;;;;TBSM;1;;2021-07-19
477;477;202789481000011;;;;;;;;;TKRO;1;;2021-07-19
478;478;202138601000006;;;;;;;;;TKRO;1;;2021-07-19
479;479;202139071000008;;;;;;;;;BDP;1;;2021-07-19
480;480;202788891000053;;;;;;;;;TBSM;1;;2021-07-19
481;481;202788891000019;;;;;;;;;RPL;1;;2021-07-19
482;482;P29609401000001;;;;;;;;;RPL;1;;2021-07-19
483;483;202788901000011;;;;;;;;;RPL;1;;2021-07-19
484;484;202139251000002;;;;;;;;;TKJ;1;;2021-07-19
485;485;202139081000007;;;;;;;;;TBSM;1;;2021-07-19
486;486;202788901000003;;;;;;;;;TKRO;1;;2021-07-19
487;487;202138491000011;;;;;;;;;TKRO;1;;2021-07-19
488;488;202788911000003;;;;;;;;;RPL;1;;2021-07-19
489;489;202138481000023;;;;;;;;;TKRO;1;;2021-07-19
490;490;202138521000016;;;;;;;;;TBSM;1;;2021-07-19
491;491;202139071000006;;;;;;;;;AKL;1;;2021-07-19
492;492;202139291000009;;;;;;;;;TKJ;1;;2021-07-19
493;493;202138481000002;;;;;;;;;TKJ;1;;2021-07-19
494;494;202139291000013;;;;;;;;;TBSM;1;;2021-07-19
495;495;202788891000033;;;;;;;;;AKL;1;;2021-07-19
496;496;202789501000003;;;;;;;;;AKL;1;;2021-07-19
497;497;202788891000042;;;;;;;;;TKJ;1;;2021-07-19
498;498;202788891000014;;;;;;;;;BDP;1;;2021-07-19
499;499;202789481000002;;;;;;;;;TKJ;1;;2021-07-19
500;500;202138591000004;;;;;;;;;RPL;1;;2021-07-19
501;501;202788891000030;;;;;;;;;AKL;1;;2021-07-19
502;502;202788891000012;;;;;;;;;BDP;1;;2021-07-19
503;503;202788891000021;;;;;;;;;RPL;1;;2021-07-19
504;504;202138491000008;;;;;;;;;AKL;1;;2021-07-19
505;505;202789481000003;;;;;;;;;TKJ;1;;2021-07-19
506;506;202788901000010;;;;;;;;;RPL;1;;2021-07-19
507;507;202788891000050;;;;;;;;;TKRO;1;;2021-07-19
508;508;202139261000013;;;;;;;;;RPL;1;;2021-07-19
509;509;202788901000017;;;;;;;;;TKJ;1;;2021-07-19
510;510;202138591000011;;;;;;;;;TKRO;1;;2021-07-19
511;511;699654561000001;;;;;;;;;AKL;1;;2021-07-19
512;512;202139291000010;;;;;;;;;TKJ;1;;2021-07-19
513;513;202139081000004;;;;;;;;;TKRO;1;;2021-07-19
514;514;202788901000018;;;;;;;;;TKJ;1;;2021-07-19
515;515;202788891000001;;;;;;;;;RPL;1;;2021-07-19
516;516;202788891000002;;;;;;;;;TKJ;1;;2021-07-19
517;517;202788891000003;;;;;;;;;TKJ;1;;2021-07-19
518;518;202788891000004;;;;;;;;;RPL;1;;2021-07-19
519;519;202788891000005;;;;;;;;;TKJ;1;;2021-07-19
520;520;202788891000006;;;;;;;;;TKJ;1;;2021-07-19
521;521;202788891000007;;;;;;;;;TKJ;1;;2021-07-19
522;522;202788891000008;;;;;;;;;RPL;1;;2021-07-19
523;523;202139421000003;;;;;;;;;TKRO;1;;2021-07-19
524;524;202139071000003;;;;;;;;;TKJ;1;;2021-07-19
525;525;202139071000009;;;;;;;;;AKL;1;;2021-07-19
526;526;202139291000001;;;;;;;;;TKRO;1;;2021-07-19
527;527;202639531000002;;;;;;;;;AKL;1;;2021-07-19
528;528;202639531000003;;;;;;;;;TBSM;1;;2021-07-19
529;529;202639531000004;;;;;;;;;TBSM;1;;2021-07-19
530;530;202639531000005;;;;;;;;;TBSM;1;;2021-07-19
531;531;202639531000006;;;;;;;;;BDP;1;;2021-07-19
532;532;202639531000007;;;;;;;;;AKL;1;;2021-07-19
533;533;202788891000011;;;;;;;;;BDP;1;;2021-07-19
534;534;202138521000002;;;;;;;;;TKRO;1;;2021-07-19
535;535;202138491000007;;;;;;;;;TKJ;1;;2021-07-19
536;536;202788891000022;;;;;;;;;RPL;1;;2021-07-19
537;537;202786781000001;;;;;;;;;AKL;1;;2021-07-19
538;538;202138601000001;;;;;;;;;BDP;1;;2021-07-19
539;539;202788821000001;;;;;;;;;AKL;1;;2021-07-19
540;540;202788891000034;;;;;;;;;TKJ;1;;2021-07-19
541;541;202788891000038;;;;;;;;;RPL;1;;2021-07-19
542;542;202788931000002;;;;;;;;;TKRO;1;;2021-07-19
543;543;202138521000003;;;;;;;;;AKL;1;;2021-07-19
544;544;202138521000004;;;;;;;;;AKL;1;;2021-07-19
545;545;202788901000019;;;;;;;;;TKRO;1;;2021-07-19
546;546;202139201000001;;;;;;;;;TKJ;1;;2021-07-19
547;547;202139291000008;;;;;;;;;TBSM;1;;2021-07-19
548;548;202139271000002;;;;;;;;;TKJ;1;;2021-07-19
549;549;202789091000029;;;;;;;;;TKJ;1;;2021-07-19
550;550;202788901000020;;;;;;;;;TKRO;1;;2021-07-19
551;551;202139251000007;;;;;;;;;TKJ;1;;2021-07-19
552;552;202138591000006;;;;;;;;;TBSM;1;;2021-07-19
553;553;202788891000043;;;;;;;;;TKJ;1;;2021-07-19
554;554;202788891000044;;;;;;;;;RPL;1;;2021-07-19
555;555;698951021000012;;;;;;;;;TKJ;1;;2021-07-19
556;556;202788931000004;;;;;;;;;TKRO;1;;2021-07-19
557;557;202788891000046;;;;;;;;;TKRO;1;;2021-07-19
558;558;202139271000003;;;;;;;;;TKRO;1;;2021-07-19
559;559;202788901000023;;;;;;;;;TKRO;1;;2021-07-19
560;560;202788891000047;;;;;;;;;BDP;1;;2021-07-19
561;561;202631801000001;;;;;;;;;TKJ;1;;2021-07-19
562;562;202788891000048;;;;;;;;;BDP;1;;2021-07-19
563;563;202283931000004;;;;;;;;;TKRO;1;;2021-07-19
564;564;900000011000796;;;;;;;;;AKL;1;;2021-07-19
565;565;202138521000008;;;;;;;;;TBSM;1;;2021-07-19
566;566;202138521000009;;;;;;;;;TKRO;1;;2021-07-19
567;567;202138521000010;;;;;;;;;TBSM;1;;2021-07-19
568;568;202138521000011;;;;;;;;;TBSM;1;;2021-07-19
569;569;202138521000012;;;;;;;;;TBSM;1;;2021-07-19
570;570;699559101000012;;;;;;;;;TBSM;1;;2021-07-19
571;571;202138521000013;;;;;;;;;TBSM;1;;2021-07-19
572;572;202789481000013;;;;;;;;;TKRO;1;;2021-07-19
573;573;202788931000005;;;;;;;;;TKRO;1;;2021-07-19
574;574;202138591000007;;;;;;;;;TBSM;1;;2021-07-19
575;575;202788891000049;;;;;;;;;TBSM;1;;2021-07-19
576;576;202139421000015;;;;;;;;;TBSM;1;;2021-07-19
577;577;202687311000001;;;;;;;;;TKJ;1;;2021-07-19
578;578;202139421000016;;;;;;;;;TBSM;1;;2021-07-19
579;579;202139021000007;;;;;;;;;TKRO;1;;2021-07-19
580;580;202139421000017;;;;;;;;;TBSM;1;;2021-07-19
581;581;202139421000018;;;;;;;;;TBSM;1;;2021-07-19
582;582;202789481000015;;;;;;;;;TBSM;1;;2021-07-19
583;583;202138521000015;;;;;;;;;TBSM;1;;2021-07-19
584;584;202139421000019;;;;;;;;;TKRO;1;;2021-07-19
585;585;202139421000020;;;;;;;;;TKRO;1;;2021-07-19
586;586;202788931000006;;;;;;;;;TKRO;1;;2021-07-19
587;587;202789481000018;;;;;;;;;TKRO;1;;2021-07-19
588;588;202788891000059;;;;;;;;;TBSM;1;;2021-07-19
589;589;202139421000021;;;;;;;;;TBSM;1;;2021-07-19
590;590;202139201000002;;;;;;;;;TBSM;1;;2021-07-19
591;591;202138591000012;;;;;;;;;TBSM;1;;2021-07-19
592;592;202139271000004;;;;;;;;;TBSM;1;;2021-07-19
593;593;202138511000009;;;;;;;;;TBSM;1;;2021-07-19
594;594;202138591000013;;;;;;;;;TBSM;1;;2021-07-19
595;595;202789481000024;;;;;;;;;TKJ;1;;2021-07-19
596;596;202138591000014;;;;;;;;;TBSM;1;;2021-07-19
597;597;202138591000015;;;;;;;;;TKRO;1;;2021-07-19
598;598;202138591000016;;;;;;;;;TKRO;1;;2021-07-19
599;599;202138591000017;;;;;;;;;TKRO;1;;2021-07-19
600;600;202139421000022;;;;;;;;;TKRO;1;;2021-07-19
601;601;202138591000018;;;;;;;;;TKRO;1;;2021-07-19
602;602;202138641000035;;;;;;;;;AKL;1;;2021-07-19
603;603;202788901000030;;;;;;;;;TKRO;1;;2021-07-19
604;604;202788931000010;;;;;;;;;TKRO;1;;2021-07-19
605;605;202788891000063;;;;;;;;;TKRO;1;;2021-07-19
606;606;202788891000064;;;;;;;;;TKRO;1;;2021-07-19
607;607;202632021000002;;;;;;;;;TKRO;1;;2021-07-19
608;608;202139081000005;;;;;;;;;TKRO;1;;2021-07-19
609;609;202138601000005;;;;;;;;;TKRO;1;;2021-07-19
610;610;202139271000005;;;;;;;;;TBSM;1;;2021-07-19
611;611;698224881000001;;;;;;;;;TBSM;1;;2021-07-19
612;612;698535411000003;;;;;;;;;TBSM;1;;2021-07-19
613;613;698224881000002;;;;;;;;;TBSM;1;;2021-07-19
614;614;202139291000017;;;;;;;;;TKRO;1;;2021-07-19
615;615;202788891000065;;;;;;;;;AKL;1;;2021-07-19
616;616;202139071000010;;;;;;;;;BDP;1;;2021-07-19
617;617;202138481000024;;;;;;;;;TBSM;1;;2021-07-19
618;618;202139071000011;;;;;;;;;TKRO;1;;2021-07-19
619;619;202138591000019;;;;;;;;;TBSM;1;;2021-07-19
620;620;202138521000017;;;;;;;;;TKRO;1;;2021-07-19
621;621;202129331000012;;;;;;;;;TBSM;1;;2021-07-19
622;622;202384361000003;;;;;;;;;BDP;1;;2021-07-19
623;623;202139071000012;;;;;;;;;BDP;1;;2021-07-19
624;624;202139071000013;;;;;;;;;BDP;1;;2021-07-19
625;625;900000011001549;;;;;;;;;TKJ;1;;2021-07-19
626;626;202795941000025;;;;;;;;;TBSM;1;;2021-07-19
627;627;900000011001597;;;;;;;;;BDP;1;;2021-07-19
628;628;202138591000020;;;;;;;;;RPL;1;;2021-07-19
629;629;202788901000032;;;;;;;;;TKRO;1;;2021-07-19
630;630;202788891000066;;;;;;;;;TKJ;1;;2021-07-19
631;631;202139081000006;;;;;;;;;TBSM;1;;2021-07-19
632;632;202788901000034;;;;;;;;;TKRO;1;;2021-07-19
